{"cameraMode":{"drawMode":0,"name":"Shaded","section":"Shading Mode"},"sceneLighting":true,"audioPlay":false,"sceneViewState":{"m_AlwaysRefresh":false,"showFog":true,"showSkybox":true,"showFlares":true,"showImageEffects":true,"showParticleSystems":true,"showVisualEffectGraphs":true,"m_FxEnabled":true},"in2DMode":false,"pivot":{"x":2.319035530090332,"y":1.2028231620788575,"z":2.3775486946105959},"rotation":{"x":-0.004801987204700708,"y":0.9623293876647949,"z":-0.27132198214530947,"w":-0.017034195363521577},"size":5.463500499725342,"orthographic":false}