{"cameraMode":{"drawMode":0,"name":"Shaded","section":"Shading Mode"},"sceneLighting":true,"audioPlay":false,"sceneViewState":{"m_AlwaysRefresh":false,"showFog":true,"showSkybox":true,"showFlares":true,"showImageEffects":true,"showParticleSystems":true,"showVisualEffectGraphs":true,"m_FxEnabled":true},"in2DMode":false,"pivot":{"x":1735.0706787109375,"y":518.6900634765625,"z":81.9654769897461},"rotation":{"x":0.059484198689460757,"y":-0.1260276585817337,"z":-0.007570791058242321,"w":-0.9902135729789734},"size":1053.5867919921875,"orthographic":true}