{"cameraMode":{"drawMode":0,"name":"Shaded","section":"Shading Mode"},"sceneLighting":true,"audioPlay":false,"sceneViewState":{"m_AlwaysRefresh":false,"showFog":true,"showSkybox":true,"showFlares":true,"showImageEffects":true,"showParticleSystems":true,"showVisualEffectGraphs":true,"m_FxEnabled":true},"in2DMode":false,"pivot":{"x":1.3599185943603516,"y":1.9643558263778687,"z":-2.5390782356262209},"rotation":{"x":-0.028506020084023477,"y":0.9545298218727112,"z":-0.2800524830818176,"w":-0.0997343435883522},"size":1.5339744091033936,"orthographic":false}